{
  "mape": {
    "15m": 0.0016507173756646829,
    "30m": 0.003235964369131679,
    "1h": 0.0026950673749451767,
    "1d": 0.02470679142234842
  },
  "bias": {
    "15m": 0.0008257998465956161,
    "30m": 0.0024412492520489606,
    "1h": 0.0017483823274179737,
    "1d": 0.005052168788430983
  }
}