{
  "mape": {
    "15m": 0.0016280371855877808,
    "30m": 0.0038820815218543587,
    "1h": 0.0022779447404762043,
    "1d": 0.02470679142234842
  },
  "bias": {
    "15m": 0.0009110465587983514,
    "30m": 0.002789348235865622,
    "1h": 0.001141922683443561,
    "1d": 0.005052168788430983
  }
}