{
  "mape": {
    "15m": 0.007000707632702901,
    "30m": 0.013070876660676,
    "1h": 0.005703845572781891
  }
}