{
  "mape": {
    "15m": 0.0034592524230096,
    "30m": 0.00556181575103275,
    "1h": 0.004849324558452706
  }
}