{
  "mape": {
    "15m": 0.00405190274862375,
    "30m": 0.00610294473602875,
    "1h": 0.00513812243840379
  }
}