{
  "mape": {
    "15m": 0.007148760310564723
  },
  "bias": {
    "15m": 0.007148760310564723
  }
}