{
  "mape": {
    "15m": 0.005739668237811449,
    "30m": 0.010854145598700087,
    "1h": 0.012588943623422262
  },
  "bias": {
    "15m": 0.005739668237811449,
    "30m": 0.010854145598700087,
    "1h": 0.012588943623422262
  }
}