{
  "mape": {
    "15m": 0.006776995835421667,
    "30m": 0.024631373947664,
    "1h": 0.00643626605572032
  }
}