{
  "mape": {
    "15m": 0.003107158687833158,
    "30m": 0.0035476732095019283,
    "1h": 0.004544951035887872
  }
}