{
  "mape": {
    "15m": 0.0031690856308573944,
    "30m": 0.00454885054313125,
    "1h": 0.011238309317528509
  }
}