{
  "mape": {
    "15m": 0.0027532044345267505,
    "30m": 0.003854526875418828,
    "1h": 0.0039546392555991515,
    "1d": 0.039244825925231985
  },
  "bias": {
    "15m": 0.0002923775241983343,
    "30m": 0.0011548090954098548,
    "1h": 0.0009682777743954576,
    "1d": 0.039244825925231985
  }
}