{
  "mape": {
    "15m": 0.0027188947886835958,
    "30m": 0.0038787267556591974,
    "1h": 0.004247422413256351,
    "1d": 0.04129845849915126
  },
  "bias": {
    "15m": 0.00042047148769075373,
    "30m": 0.001355077526520375,
    "1h": 0.0014907810459914026,
    "1d": 0.04129845849915126
  }
}