{
  "mape": {
    "15m": 0.000242076524285796
  },
  "bias": {
    "15m": 0.00019154579537981748
  }
}