{
  "mape": {
    "15m": 0.0008631288102982267,
    "30m": 0.004914570700430271,
    "1h": 0.007274872198071098
  },
  "bias": {
    "15m": -0.0003030755325024712,
    "30m": -0.004914570700430271,
    "1h": 0.007274872198071098
  }
}