{
  "mape": {
    "15m": 0.0045031387749996,
    "30m": 0.00226803071003615,
    "1h": 0.009013219818914562
  }
}