{
  "mape": {
    "15m": 0.0027624998517942526
  },
  "bias": {
    "15m": -0.0027624998517942526
  }
}