{
  "mape": {
    "15m": 0.002716488839741454,
    "30m": 0.0037327084091596558,
    "1h": 0.001054111025895923
  },
  "bias": {
    "15m": -0.0005220621914919486,
    "30m": -0.0034579695875246504,
    "1h": 0.001054111025895923
  }
}