{
  "mape": {
    "15m": 0.00120734721523195,
    "30m": 0.00402333649745455,
    "1h": 0.005161056242132565
  }
}