{
  "mape": {
    "15m": 0.000963957717566226,
    "30m": 0.0019231427264444724,
    "1h": 0.0026027956776985247,
    "1d": 0.010388210369867746
  },
  "bias": {
    "15m": -0.0001630835555394919,
    "30m": -0.0009806921574799829,
    "1h": -0.0008844317373584291,
    "1d": 0.010255169151315493
  }
}