{
  "mape": {
    "15m": 0.0010667136702105665,
    "30m": 0.0018239692838383926,
    "1h": 0.002338942918438019,
    "1d": 0.010388210369867746
  },
  "bias": {
    "15m": 0.00020485857901207655,
    "30m": -0.0003539068791049487,
    "1h": -0.0008115083048023784,
    "1d": 0.010255169151315493
  }
}