{
  "mape": {
    "15m": 0.0018045049177347306,
    "30m": 0.0023399535133735,
    "1h": 0.0010943535070215456,
    "1d": 0.0037300257882107784
  }
}