{
  "mape": {
    "15m": 0.0106280429800021,
    "30m": 0.0193027633452099,
    "1h": 0.050846719053199846
  }
}