{
  "mape": {
    "15m": 0.0030222055306069,
    "30m": 0.00392007132619465,
    "1h": 0.005579625220257053
  }
}