{
  "mape": {
    "15m": 0.0017240880719468,
    "1h": 0.01615074024225816
  }
}