{
  "mape": {
    "15m": 0.011799089028571247,
    "1h": 0.01594411099870524,
    "30m": 0.014415117073400882,
    "1d": 0.10312038090859951
  }
}