{
  "mape": {
    "15m": 0.0065649416045502,
    "1h": 0.02006688963207829
  }
}