{
  "mape": {
    "15m": 0.001639354475284541
  },
  "bias": {
    "15m": 0.0012903894382197392
  }
}