{
  "mape": {
    "15m": 0.0024326147540268375,
    "30m": 0.003867016215191642,
    "1h": 0.011003405816058395
  },
  "bias": {
    "15m": 0.002283058309570494,
    "30m": 0.003867016215191642,
    "1h": 0.011003405816058395
  }
}