{
  "mape": {
    "15m": 0.0022387774209676,
    "30m": 0.00149779308742245,
    "1h": 0.0070421088552013065
  }
}