{
  "mape": {
    "15m": 0.0012976128846746999,
    "1h": 0.0025622531942875197
  }
}