{
  "mape": {
    "15m": 0.01218622008773015,
    "30m": 0.015789255345771202,
    "1h": 0.0062833591346659855
  }
}