{
  "mape": {
    "15m": 0.001652366095444073,
    "1h": 0.0032003974902009486,
    "1d": 0.025150655910405002
  },
  "bias": {
    "15m": 0.0002440360143648767,
    "1h": 0.0032003974902009486,
    "1d": 0.025150655910405002
  }
}