{
  "mape": {
    "15m": 0.0016732925767285627,
    "1h": 0.0029817540435376675,
    "1d": 0.025150655910405002,
    "30m": 0.0004790839007334925
  },
  "bias": {
    "15m": -0.0005607082076310488,
    "1h": 0.0029817540435376675,
    "1d": 0.025150655910405002,
    "30m": 3.4624894043725506e-05
  }
}