{
  "mape": {
    "15m": 0.004210490200686112,
    "30m": 0.0056761502992272945,
    "1h": 0.008124490329520713,
    "1d": 0.03440722539325211
  },
  "bias": {
    "15m": 0.0032143497796586103,
    "30m": 0.0019788744183315042,
    "1h": 0.0018474317793358906,
    "1d": -0.03440722539325211
  }
}