{
  "mape": {
    "15m": 0.003445764956800021,
    "30m": 0.00582356550931656,
    "1h": 0.008715051842002821,
    "1d": 0.03440722539325211
  },
  "bias": {
    "15m": 0.0027511077850007055,
    "30m": 0.003710836434518965,
    "1h": 0.0036934050018549644,
    "1d": -0.03440722539325211
  }
}